precision,recall,f1-score,support
0.22017045454545456,0.24031007751937986,0.22979985174203116,645.0
0.5910396323951752,0.6183894230769231,0.6044052863436123,1664.0
0.8348411041521688,0.809309646953002,0.8218771408997487,4447.0
0.7079632918886916,0.7079632918886916,0.7079632918886916,0.7079632918886916
0.5486837303642662,0.5560030491831016,0.552027426328464,6756.0
0.7161098699899473,0.7079632918886916,0.7117878843147667,6756.0
