precision,recall,f1-score,support
0.22637661454792657,0.25813953488372093,0.24121695038029697,1290.0
0.5949696444058976,0.6185752930568079,0.6065428824049514,3327.0
0.8416453041249126,0.8120292299044407,0.8265720661440751,8895.0
0.7115156897572528,0.7115156897572528,0.7115156897572528,0.7115156897572528
0.5543305210262456,0.5629146859483232,0.5581106329764411,13512.0
0.7221673194121035,0.7115156897572528,0.7165109949750891,13512.0
