precision,recall,f1-score,support
0.19554455445544555,0.22460584130266217,0.20907013111993264,3869.0
0.5664362893020539,0.58300771465785,0.5746025476449097,9981.0
0.8201185265522718,0.7934717433668116,0.8065751128549932,26684.0
0.6873488922879558,0.6873488922879558,0.6873488922879558,0.6873488922879558
0.5273664567699238,0.5336950997757746,0.5300825972066119,40534.0
0.6980363459622229,0.6873488922879558,0.6924224275119529,40534.0
