precision,recall,f1-score,support
0.21503201887428378,0.24728682170542635,0.2300342527492338,2580.0
0.5937917718698945,0.6008415990381726,0.5972958840666319,6654.0
0.8311493390290365,0.8093765810332227,0.8201184780132149,17789.0
0.7043629500795618,0.7043629500795618,0.7043629500795618,0.7043629500795618
0.5466577099244049,0.5525016672589406,0.5491495382763603,27023.0
0.7138803482479911,0.7043629500795618,0.7089139914165515,27023.0
